{
    "name": "Cosmotyl MK.I",
    "vendorId": "0xDEAD",
    "productId": "0x0001",
    "matrix": {
        "cols": 5,
        "rows": 8
    },
    "layouts": {
        "keymap": [
            [
                {
                    "x": 2
                },
                "0,2",
                "0,3",
                "0,4",
                {
                    "x": 7
                },
                "4,4",
                "4,3",
                "4,2"
            ],
            [
                {
                    "y": -0.5
                },
                "0,0",
                "0,1",
                {
                    "x": 13
                },
                "4,1",
                "4,0"
            ],
            [
                {
                    "y": -0.5,
                    "x": 2
                },
                "1,2",
                "1,3",
                "1,4",
                {
                    "x": 7
                },
                "5,4",
                "5,3",
                "5,2"
            ],
            [
                {
                    "y": -0.5
                },
                "1,0",
                "1,1",
                {
                    "x": 13
                },
                "5,1",
                "5,0"
            ],
            [
                {
                    "y": -0.5,
                    "x": 2
                },
                "2,2",
                "2,3",
                "2,4",
                {
                    "x": 7
                },
                "6,4",
                "6,3",
                "6,2"
            ],
            [
                {
                    "y": -0.5
                },
                "2,0",
                "2,1",
                {
                    "x": 13
                },
                "6,1",
                "6,0"
            ],
            [
                {
                    "r": 15,
                    "rx": 6,
                    "ry": 3.25,
                    "y": 0.4900000000000002,
                    "x": -1.5
                },
                "3,3"
            ],
            [
                {
                    "r": 23,
                    "rx": 7,
                    "ry": 3.75,
                    "y": 0.40000000000000036,
                    "x": -1.25
                },
                "3,4"
            ],
            [
                {
                    "r": 30,
                    "rx": 6,
                    "ry": 3.25,
                    "y": 0.31999999999999984,
                    "x": 1.2000000000000002
                },
                "3,5"
            ],
            [
                {
                    "r": -33,
                    "rx": 9.25,
                    "ry": 4.5,
                    "y": 0.009999999999999787,
                    "x": -0.25
                },
                "7,4"
            ],
            [
                {
                    "r": -23,
                    "rx": 10.5,
                    "ry": 3.75,
                    "y": 0.04999999999999982,
                    "x": -0.3100000000000005
                },
                "7,3"
            ],
            [
                {
                    "r": -15,
                    "rx": 10.55,
                    "ry": 3.5,
                    "y": 0.1499999999999999,
                    "x": 0.9299999999999997
                },
                "7,2"
            ]
        ]
    }
}
